{"name":"Sports Bot","created":"2017-11-17T19:37:02.195Z","intents":[],"updated":"2017-12-03T23:35:23.951Z","entities":[{"entity":"L_NFL","values":[{"type":"synonyms","value":"Los Angeles-Chargers","created":"2017-11-17T21:16:35.051Z","updated":"2017-12-03T23:21:25.659Z","metadata":null,"synonyms":["Chargers"]},{"type":"synonyms","value":"Seattle-Seahawks","created":"2017-11-17T21:16:35.051Z","updated":"2017-11-17T21:16:35.051Z","metadata":null,"synonyms":["Seahawks"]},{"type":"synonyms","value":"Cincinnati-Bengals","created":"2017-11-17T21:16:35.051Z","updated":"2017-11-17T21:16:35.051Z","metadata":null,"synonyms":["Bengals"]},{"type":"synonyms","value":"Minnesota-Vikings","created":"2017-11-17T21:16:35.051Z","updated":"2017-11-17T21:16:35.051Z","metadata":null,"synonyms":["Vikings"]},{"type":"synonyms","value":"Oakland-Raiders","created":"2017-11-17T21:16:35.051Z","updated":"2017-11-17T21:16:35.051Z","metadata":null,"synonyms":["Raiders"]},{"type":"synonyms","value":"Dallas-Cowboys","created":"2017-11-17T21:16:35.051Z","updated":"2017-11-17T21:16:35.051Z","metadata":null,"synonyms":["Cowboys"]},{"type":"synonyms","value":"Philadelphia-Eagles","created":"2017-11-17T21:16:35.051Z","updated":"2017-11-17T21:16:35.051Z","metadata":null,"synonyms":["Eagles"]},{"type":"synonyms","value":"Chicago-Bears","created":"2017-11-17T21:16:35.051Z","updated":"2017-11-17T21:16:35.051Z","metadata":null,"synonyms":["Bears"]},{"type":"synonyms","value":"Detroit-Lions","created":"2017-11-17T21:16:35.051Z","updated":"2017-11-17T21:16:35.051Z","metadata":null,"synonyms":["Lions"]},{"type":"synonyms","value":"Atlanta-Falcons","created":"2017-11-17T21:16:35.051Z","updated":"2017-11-17T21:16:35.051Z","metadata":null,"synonyms":["Falcons"]},{"type":"synonyms","value":"New Orleans-Saints","created":"2017-11-17T21:16:35.051Z","updated":"2017-11-17T21:16:35.051Z","metadata":null,"synonyms":["Saints"]},{"type":"synonyms","value":"Green Bay-Packers","created":"2017-11-17T21:16:35.051Z","updated":"2017-11-17T21:16:35.051Z","metadata":null,"synonyms":["Packers"]},{"type":"synonyms","value":"Cleveland-Browns","created":"2017-11-17T21:16:35.051Z","updated":"2017-11-17T21:16:35.051Z","metadata":null,"synonyms":["Browns"]},{"type":"synonyms","value":"Washington-Redskins","created":"2017-11-17T21:16:35.051Z","updated":"2017-11-17T21:16:35.051Z","metadata":null,"synonyms":["Redskins"]},{"type":"synonyms","value":"Carolina-Panthers","created":"2017-11-17T21:16:35.051Z","updated":"2017-11-17T21:16:35.051Z","metadata":null,"synonyms":["Panthers"]},{"type":"synonyms","value":"Los Angeles-Rams","created":"2017-11-17T21:16:35.051Z","updated":"2017-11-17T21:16:35.051Z","metadata":null,"synonyms":["Rams"]},{"type":"synonyms","value":"Houston-Texans","created":"2017-11-17T21:16:35.051Z","updated":"2017-11-17T21:16:35.051Z","metadata":null,"synonyms":["Texans"]},{"type":"synonyms","value":"Indianapolis-Colts","created":"2017-11-17T21:16:35.051Z","updated":"2017-11-17T21:16:35.051Z","metadata":null,"synonyms":["Colts"]},{"type":"synonyms","value":"Kansas City-Chiefs","created":"2017-11-17T21:16:35.051Z","updated":"2017-11-17T21:16:35.051Z","metadata":null,"synonyms":["Chiefs"]},{"type":"synonyms","value":"Baltimore-Ravens","created":"2017-11-17T21:16:35.051Z","updated":"2017-11-17T21:16:35.051Z","metadata":null,"synonyms":["Ravens"]},{"type":"synonyms","value":"Miami-Dolphins","created":"2017-11-17T21:16:35.051Z","updated":"2017-11-17T21:16:35.051Z","metadata":null,"synonyms":["Dolphins"]},{"type":"synonyms","value":"Buffalo-Bills","created":"2017-11-17T21:16:35.051Z","updated":"2017-11-17T21:16:35.051Z","metadata":null,"synonyms":["Bills"]},{"type":"synonyms","value":"New York-Jets","created":"2017-11-17T21:16:35.051Z","updated":"2017-11-17T21:16:35.051Z","metadata":null,"synonyms":["Jets"]},{"type":"synonyms","value":"Tampa Bay-Buccaneers","created":"2017-11-17T21:16:35.051Z","updated":"2017-11-17T21:16:35.051Z","metadata":null,"synonyms":["Buccaneers"]},{"type":"synonyms","value":"St. Louis-Cardinals","created":"2017-11-17T21:16:35.051Z","updated":"2017-11-17T21:16:35.051Z","metadata":null,"synonyms":["Cardinals"]},{"type":"synonyms","value":"Denver-Broncos","created":"2017-11-17T21:16:35.051Z","updated":"2017-11-17T21:16:35.051Z","metadata":null,"synonyms":["Broncos"]},{"type":"synonyms","value":"New York-Giants","created":"2017-11-17T21:16:35.051Z","updated":"2017-11-17T21:16:35.051Z","metadata":null,"synonyms":["Giants"]},{"type":"synonyms","value":"Jacksonville-Jaguars","created":"2017-11-17T21:16:35.051Z","updated":"2017-11-17T21:16:35.051Z","metadata":null,"synonyms":["Jaguars"]},{"type":"synonyms","value":"San Francisco-49ers","created":"2017-11-17T21:16:35.051Z","updated":"2017-11-17T21:16:35.051Z","metadata":null,"synonyms":["49ers"]},{"type":"synonyms","value":"New England-Patriots","created":"2017-11-17T21:16:35.051Z","updated":"2017-11-17T21:16:35.051Z","metadata":null,"synonyms":["Patriots"]},{"type":"synonyms","value":"Tennessee-Titans","created":"2017-11-17T21:16:35.051Z","updated":"2017-11-17T21:16:35.051Z","metadata":null,"synonyms":["Titans"]},{"type":"synonyms","value":"Pittsburgh-Steelers","created":"2017-11-17T21:16:35.051Z","updated":"2017-11-17T21:16:35.051Z","metadata":null,"synonyms":["Steelers"]}],"created":"2017-11-17T19:37:02.195Z","updated":"2017-12-03T23:21:25.659Z","metadata":null,"description":null,"fuzzy_match":true},{"entity":"L_NHL","values":[{"type":"synonyms","value":"Vancouver-Canucks","created":"2017-12-02T21:54:47.381Z","updated":"2017-12-02T21:54:47.381Z","metadata":null,"synonyms":["Canucks"]},{"type":"synonyms","value":"Anaheim-Ducks","created":"2017-12-02T21:54:47.381Z","updated":"2017-12-02T21:54:47.381Z","metadata":null,"synonyms":["Ducks"]},{"type":"synonyms","value":"Boston-Bruins","created":"2017-12-02T21:54:47.381Z","updated":"2017-12-02T21:54:47.381Z","metadata":null,"synonyms":["Bruins"]},{"type":"synonyms","value":"New Jersey-Devils","created":"2017-12-02T21:54:47.381Z","updated":"2017-12-02T21:54:47.381Z","metadata":null,"synonyms":["Devils"]},{"type":"synonyms","value":"Detroit-Red Wings","created":"2017-12-02T21:54:47.381Z","updated":"2017-12-02T21:54:47.381Z","metadata":null,"synonyms":["Wings"]},{"type":"synonyms","value":"Columbus-Blue Jackets","created":"2017-12-02T21:54:47.381Z","updated":"2017-12-02T21:54:47.381Z","metadata":null,"synonyms":["Blue Jackets"]},{"type":"synonyms","value":"New York-Rangers","created":"2017-12-02T21:54:47.381Z","updated":"2017-12-02T21:54:47.381Z","metadata":null,"synonyms":["Rangers"]},{"type":"synonyms","value":"Minnesota-Wild","created":"2017-12-02T21:54:47.381Z","updated":"2017-12-02T21:54:47.381Z","metadata":null,"synonyms":["Wild"]},{"type":"synonyms","value":"Los Angeles-Kings","created":"2017-12-02T21:54:47.381Z","updated":"2017-12-02T21:54:47.381Z","metadata":null,"synonyms":["Kings"]},{"type":"synonyms","value":"San Jose-Sharks","created":"2017-12-02T21:54:47.381Z","updated":"2017-12-02T21:54:47.381Z","metadata":null,"synonyms":["Sharks"]},{"type":"synonyms","value":"Washington-Capitals","created":"2017-12-02T21:54:47.381Z","updated":"2017-12-02T21:54:47.381Z","metadata":null,"synonyms":["Capitals"]},{"type":"synonyms","value":"Edmonton-Oilers","created":"2017-12-02T21:54:47.381Z","updated":"2017-12-02T21:54:47.381Z","metadata":null,"synonyms":["Oilers"]},{"type":"synonyms","value":"Nashville-Predators","created":"2017-12-02T21:54:47.381Z","updated":"2017-12-02T21:54:47.381Z","metadata":null,"synonyms":["Predators"]},{"type":"synonyms","value":"Colorado-Avalanche","created":"2017-12-02T21:54:47.381Z","updated":"2017-12-02T21:54:47.381Z","metadata":null,"synonyms":["Avalanche"]},{"type":"synonyms","value":"Ottawa-Senators","created":"2017-12-02T21:54:47.381Z","updated":"2017-12-02T21:54:47.381Z","metadata":null,"synonyms":["Senators"]},{"type":"synonyms","value":"Chicago-Blackhawks","created":"2017-12-02T21:54:47.381Z","updated":"2017-12-02T21:54:47.381Z","metadata":null,"synonyms":["Blackhawks","Hawks"]},{"type":"synonyms","value":"Vegas-Golden Knights","created":"2017-12-02T21:54:47.381Z","updated":"2017-12-02T21:54:47.381Z","metadata":null,"synonyms":["Golden Knights"]},{"type":"synonyms","value":"Philadelphia-Flyers","created":"2017-12-02T21:54:47.381Z","updated":"2017-12-02T21:54:47.381Z","metadata":null,"synonyms":["Flyers"]},{"type":"synonyms","value":"Tampa Bay-Lightning","created":"2017-12-02T21:54:47.381Z","updated":"2017-12-02T21:54:47.381Z","metadata":null,"synonyms":["Lightning"]},{"type":"synonyms","value":"Florida-Panthers","created":"2017-12-02T21:54:47.381Z","updated":"2017-12-02T21:54:47.381Z","metadata":null,"synonyms":["Panthers"]},{"type":"synonyms","value":"St. Louis-Blues","created":"2017-12-02T21:54:47.381Z","updated":"2017-12-02T21:54:47.381Z","metadata":null,"synonyms":["Blues"]},{"type":"synonyms","value":"Pittsburgh-Penguins","created":"2017-12-02T21:54:47.381Z","updated":"2017-12-02T21:54:47.381Z","metadata":null,"synonyms":["Penguins"]},{"type":"synonyms","value":"Calgary-Flames","created":"2017-12-02T21:54:47.381Z","updated":"2017-12-02T21:54:47.381Z","metadata":null,"synonyms":["Flames"]},{"type":"synonyms","value":"Arizona-Coyotes","created":"2017-12-02T21:54:47.381Z","updated":"2017-12-02T21:54:47.381Z","metadata":null,"synonyms":["Coyotes"]},{"type":"synonyms","value":"Toronto-Maple Leafs","created":"2017-12-02T21:54:47.381Z","updated":"2017-12-02T21:54:47.381Z","metadata":null,"synonyms":["Maple Leafs"]},{"type":"synonyms","value":"Carolina-Hurricanes","created":"2017-12-02T21:54:47.381Z","updated":"2017-12-02T21:54:47.381Z","metadata":null,"synonyms":["Hurricanes"]},{"type":"synonyms","value":"Dallas-Stars","created":"2017-12-02T21:54:47.381Z","updated":"2017-12-02T21:54:47.381Z","metadata":null,"synonyms":["Stars"]},{"type":"synonyms","value":"Montreal-Canadiens","created":"2017-12-02T21:54:47.381Z","updated":"2017-12-02T21:54:47.381Z","metadata":null,"synonyms":["Canadiens"]}],"created":"2017-11-17T19:37:02.195Z","updated":"2017-12-02T21:54:47.381Z","metadata":null,"description":null,"fuzzy_match":true},{"entity":"L_NBA","values":[{"type":"synonyms","value":"Miami-Heat","created":"2017-11-17T21:16:20.627Z","updated":"2017-11-17T21:16:20.627Z","metadata":null,"synonyms":["Heat"]},{"type":"synonyms","value":"Indiana-Pacers","created":"2017-11-17T21:16:20.627Z","updated":"2017-11-17T21:16:20.627Z","metadata":null,"synonyms":["Pacers"]},{"type":"synonyms","value":"Charlotte-Hornets","created":"2017-11-17T21:16:20.627Z","updated":"2017-11-17T21:16:20.627Z","metadata":null,"synonyms":["Hornets"]},{"type":"synonyms","value":"Los Angeles-Lakers","created":"2017-11-17T21:16:20.627Z","updated":"2017-11-17T21:16:20.627Z","metadata":null,"synonyms":["Lakers"]},{"type":"synonyms","value":"Orlando-Magic","created":"2017-11-17T21:16:20.627Z","updated":"2017-11-17T21:16:20.627Z","metadata":null,"synonyms":["Magic"]},{"type":"synonyms","value":"Los Angeles-Clippers","created":"2017-11-17T21:16:20.627Z","updated":"2017-11-17T21:16:20.627Z","metadata":null,"synonyms":["Clippers"]},{"type":"synonyms","value":"Phoenix-Suns","created":"2017-11-17T21:16:20.627Z","updated":"2017-11-17T21:16:20.627Z","metadata":null,"synonyms":["Suns"]},{"type":"synonyms","value":"Portland-Blazers","created":"2017-11-17T21:16:20.627Z","updated":"2017-11-17T21:16:20.627Z","metadata":null,"synonyms":["Blazers"]},{"type":"synonyms","value":"Golden State-Warriors","created":"2017-11-17T21:16:20.627Z","updated":"2017-11-17T21:16:20.627Z","metadata":null,"synonyms":["Warriors","Golden State"]},{"type":"synonyms","value":"Chicago-Bulls","created":"2017-11-17T21:16:20.627Z","updated":"2017-11-17T21:16:20.627Z","metadata":null,"synonyms":["Bulls"]},{"type":"synonyms","value":"Milwaukee-Bucks","created":"2017-11-17T21:16:20.627Z","updated":"2017-11-17T21:16:20.627Z","metadata":null,"synonyms":["Bucks"]},{"type":"synonyms","value":"Detroit-Pistons","created":"2017-11-17T21:16:20.627Z","updated":"2017-11-17T21:16:20.627Z","metadata":null,"synonyms":["Pistons"]},{"type":"synonyms","value":"Minnesota-Timberwolves","created":"2017-11-17T21:16:20.627Z","updated":"2017-11-17T21:16:20.627Z","metadata":null,"synonyms":["Timberwolves"]},{"type":"synonyms","value":"Atlanta-Hawks","created":"2017-11-17T21:16:20.627Z","updated":"2017-11-17T21:16:20.627Z","metadata":null,"synonyms":["Hawks"]},{"type":"synonyms","value":"New Orleans-Pelicans","created":"2017-11-17T21:16:20.627Z","updated":"2017-11-17T21:16:20.627Z","metadata":null,"synonyms":["Pelicans"]},{"type":"synonyms","value":"Oklahoma City-Thunder","created":"2017-11-17T21:16:20.627Z","updated":"2017-11-17T21:16:20.627Z","metadata":null,"synonyms":["Thunder"]},{"type":"synonyms","value":"Washington-Wizards","created":"2017-11-17T21:16:20.627Z","updated":"2017-11-17T21:16:20.627Z","metadata":null,"synonyms":["Wizards"]},{"type":"synonyms","value":"Denver-Nuggets","created":"2017-11-17T21:16:20.627Z","updated":"2017-11-17T21:16:20.627Z","metadata":null,"synonyms":["Nuggets"]},{"type":"synonyms","value":"Dallas-Mavericks","created":"2017-11-17T21:16:20.627Z","updated":"2017-11-17T21:16:20.627Z","metadata":null,"synonyms":["Mavericks"]},{"type":"synonyms","value":"Memphis-Grizzlies","created":"2017-11-17T21:16:20.627Z","updated":"2017-11-17T21:16:20.627Z","metadata":null,"synonyms":["Grizzlies"]},{"type":"synonyms","value":"San Antonio-Spurs","created":"2017-11-17T21:16:20.627Z","updated":"2017-11-17T21:16:20.627Z","metadata":null,"synonyms":["Spurs"]},{"type":"synonyms","value":"Houston-Rockets","created":"2017-11-17T21:16:20.627Z","updated":"2017-11-17T21:16:20.627Z","metadata":null,"synonyms":["Rockets"]},{"type":"synonyms","value":"New York-Knicks","created":"2017-11-17T21:16:20.627Z","updated":"2017-11-17T21:16:20.627Z","metadata":null,"synonyms":["Knicks"]},{"type":"synonyms","value":"Philadelpha-76ers","created":"2017-11-17T21:16:20.627Z","updated":"2017-11-17T21:16:20.627Z","metadata":null,"synonyms":["76ers"]},{"type":"synonyms","value":"Boston-Celtics","created":"2017-11-17T21:16:20.627Z","updated":"2017-11-17T21:16:20.627Z","metadata":null,"synonyms":["Celtics"]},{"type":"synonyms","value":"Los Angeles-Kings","created":"2017-11-17T21:16:20.627Z","updated":"2017-11-17T21:16:20.627Z","metadata":null,"synonyms":["Kings"]},{"type":"synonyms","value":"Brooklyn-Nets","created":"2017-11-17T21:16:20.627Z","updated":"2017-11-17T21:16:20.627Z","metadata":null,"synonyms":["Nets"]},{"type":"synonyms","value":"Utah-Jazz","created":"2017-11-17T21:16:20.627Z","updated":"2017-11-17T21:16:20.627Z","metadata":null,"synonyms":["Jazz"]},{"type":"synonyms","value":"Toronto-Raptors","created":"2017-11-17T21:16:20.627Z","updated":"2017-11-17T21:16:20.627Z","metadata":null,"synonyms":["Raptors"]},{"type":"synonyms","value":"Cleveland-Cavaliers","created":"2017-11-17T21:16:20.627Z","updated":"2017-11-17T21:16:20.627Z","metadata":null,"synonyms":["Cavaliers"]}],"created":"2017-11-17T19:37:02.195Z","updated":"2017-11-17T21:16:20.627Z","metadata":null,"description":null,"fuzzy_match":true},{"entity":"L_MLB","values":[{"type":"patterns","value":"San Diego-Padres","created":"2017-11-17T21:16:14.778Z","updated":"2017-11-17T21:16:14.778Z","metadata":null,"patterns":["Padres"]},{"type":"synonyms","value":"Houston-Astros","created":"2017-11-17T21:16:14.778Z","updated":"2017-11-17T21:16:14.778Z","metadata":null,"synonyms":["Astros"]},{"type":"patterns","value":"Oakland-Athletics","created":"2017-11-17T21:16:14.778Z","updated":"2017-11-17T21:16:14.778Z","metadata":null,"patterns":["Athletics"]},{"type":"patterns","value":"Philadelphia-Phillies","created":"2017-11-17T21:16:14.778Z","updated":"2017-11-17T21:16:14.778Z","metadata":null,"patterns":["Phillies"]},{"type":"synonyms","value":"Chicago-Cubs","created":"2017-11-17T21:16:14.778Z","updated":"2017-11-17T21:16:14.778Z","metadata":null,"synonyms":["Cubs"]},{"type":"patterns","value":"San Francisco-Giants","created":"2017-11-17T21:16:14.778Z","updated":"2017-11-17T21:16:14.778Z","metadata":null,"patterns":["Giants"]},{"type":"patterns","value":"Pittsburgh-Pirates","created":"2017-11-17T21:16:14.778Z","updated":"2017-11-17T21:16:14.778Z","metadata":null,"patterns":["Pirates"]},{"type":"patterns","value":"Cleveland-Indians","created":"2017-11-17T21:16:14.778Z","updated":"2017-11-17T21:16:14.778Z","metadata":null,"patterns":["Indians"]},{"type":"patterns","value":"Atlanta-Braves","created":"2017-11-17T21:16:14.778Z","updated":"2017-11-17T21:16:14.778Z","metadata":null,"patterns":["Braves"]},{"type":"patterns","value":"Washington-Nationals","created":"2017-11-17T21:16:14.778Z","updated":"2017-11-17T21:16:14.778Z","metadata":null,"patterns":["Nationals"]},{"type":"patterns","value":"St. Louis-Cardinals","created":"2017-11-17T21:16:14.778Z","updated":"2017-11-17T21:16:14.778Z","metadata":null,"patterns":["Cardinals"]},{"type":"patterns","value":"Kansas City-Royals","created":"2017-11-17T21:16:14.778Z","updated":"2017-11-17T21:16:14.778Z","metadata":null,"patterns":["Royals"]},{"type":"patterns","value":"Minnesota-Twins","created":"2017-11-17T21:16:14.778Z","updated":"2017-11-17T21:16:14.778Z","metadata":null,"patterns":["Twins"]},{"type":"patterns","value":"Seattle-Mariners","created":"2017-11-17T21:16:14.778Z","updated":"2017-11-17T21:16:14.778Z","metadata":null,"patterns":["Mariners"]},{"type":"synonyms","value":"Los Angeles-Dodgers","created":"2017-11-17T21:16:14.778Z","updated":"2017-11-17T21:16:14.778Z","metadata":null,"synonyms":["Dodgers"]},{"type":"patterns","value":"Tampa Bay-Rays","created":"2017-11-17T21:16:14.778Z","updated":"2017-11-17T21:16:14.778Z","metadata":null,"patterns":["Rays"]},{"type":"patterns","value":"New York-Mets","created":"2017-11-17T21:16:14.778Z","updated":"2017-11-17T21:16:14.778Z","metadata":null,"patterns":["Mets"]},{"type":"patterns","value":"Toronto-Blue Jays","created":"2017-11-17T21:16:14.778Z","updated":"2017-11-17T21:16:14.778Z","metadata":null,"patterns":["Blue Jays"]},{"type":"patterns","value":"Baltimore-Orioles","created":"2017-11-17T21:16:14.778Z","updated":"2017-11-17T21:16:14.778Z","metadata":null,"patterns":["Orioles"]},{"type":"patterns","value":"Milwaukee-Brewers","created":"2017-11-17T21:16:14.778Z","updated":"2017-11-17T21:16:14.778Z","metadata":null,"patterns":["Brewers"]},{"type":"patterns","value":"Texas-Rangers","created":"2017-11-17T21:16:14.778Z","updated":"2017-11-17T21:16:14.778Z","metadata":null,"patterns":["Rangers"]},{"type":"patterns","value":"Cincinnati-Reds","created":"2017-11-17T21:16:14.778Z","updated":"2017-11-17T21:16:14.778Z","metadata":null,"patterns":["Reds"]},{"type":"patterns","value":"Arizona-Diamondbacks","created":"2017-11-17T21:16:14.778Z","updated":"2017-11-17T21:16:14.778Z","metadata":null,"patterns":["Diamondbacks"]},{"type":"patterns","value":"Colorado-Rockies","created":"2017-11-17T21:16:14.778Z","updated":"2017-11-17T21:16:14.778Z","metadata":null,"patterns":["Rockies"]},{"type":"patterns","value":"Detroit-Tigers","created":"2017-11-17T21:16:14.778Z","updated":"2017-11-17T21:16:14.778Z","metadata":null,"patterns":["Tigers"]},{"type":"patterns","value":"Miami-Marlins","created":"2017-11-17T21:16:14.778Z","updated":"2017-11-17T21:16:14.778Z","metadata":null,"patterns":["Marlins"]},{"type":"patterns","value":"Los Angeles-Angels","created":"2017-11-17T21:16:14.778Z","updated":"2017-11-17T21:16:14.778Z","metadata":null,"patterns":["Angels"]},{"type":"synonyms","value":"New York-Yankees","created":"2017-11-17T21:16:14.778Z","updated":"2017-11-17T21:16:14.778Z","metadata":null,"synonyms":["Yankees"]},{"type":"patterns","value":"Chicago-White Sox","created":"2017-11-17T21:16:14.778Z","updated":"2017-11-17T21:43:17.120Z","metadata":null,"patterns":["White Sox"]},{"type":"patterns","value":"Boston-Red Sox","created":"2017-11-17T21:16:14.778Z","updated":"2017-11-17T21:43:19.467Z","metadata":null,"patterns":["Red Sox"]}],"created":"2017-11-17T19:37:02.195Z","updated":"2017-11-17T21:43:19.467Z","metadata":null,"description":null,"fuzzy_match":true}],"language":"en","metadata":{"api_version":{"major_version":"v1","minor_version":"2017-05-26"}},"description":"sports news chat boat","dialog_nodes":[{"title":"Fixed Response","output":{"text":{"values":["Here's what I found:"],"selection_policy":"sequential"}},"parent":"Welcome","context":null,"created":"2017-11-17T19:37:02.195Z","updated":"2017-11-17T19:37:02.195Z","metadata":null,"next_step":null,"conditions":"anything_else","description":null,"dialog_node":"node_1_1508802290604","previous_sibling":"node_2_1508802315718"},{"type":"response_condition","title":null,"output":{"text":{"values":["Hey! I’m Sports Bot. I’m here to keep you up to date with the latest scores and news for your favorite teams."],"selection_policy":"sequential"}},"parent":"Welcome","context":null,"created":"2017-11-17T19:37:02.195Z","updated":"2017-11-17T19:37:02.195Z","metadata":null,"next_step":null,"conditions":"","description":null,"dialog_node":"node_2_1508802315718","previous_sibling":null},{"title":"Anything else","output":{"text":{"values":["I didn't understand. You can try rephrasing.","Can you reword your statement? I'm not understanding.","I didn't get your meaning."],"selection_policy":"sequential"}},"parent":null,"context":null,"created":"2017-11-17T19:37:02.195Z","updated":"2017-11-17T19:37:02.195Z","metadata":null,"next_step":null,"conditions":"anything_else","description":null,"dialog_node":"Anything else","previous_sibling":"node_2_1508732511929"},{"title":"#goodbye","output":{"text":{"values":["Catch you later! I'll be around if you need me."],"selection_policy":"sequential"}},"parent":null,"context":null,"created":"2017-11-17T19:37:02.195Z","updated":"2017-11-17T19:37:02.195Z","metadata":null,"next_step":null,"conditions":"#goodbye","description":null,"dialog_node":"node_2_1508732511929","previous_sibling":"node_1_1508697644115"},{"title":"#hello","output":{"text":{"values":["Sports Bot here. What's up?"],"selection_policy":"sequential"}},"parent":null,"context":null,"created":"2017-11-17T19:37:02.195Z","updated":"2017-11-17T19:37:02.195Z","metadata":null,"next_step":null,"conditions":"#hello","description":null,"dialog_node":"node_1_1508697644115","previous_sibling":"Welcome"},{"title":"Welcome","output":{},"parent":null,"context":null,"created":"2017-11-17T19:37:02.195Z","updated":"2017-11-17T19:37:02.195Z","metadata":{"_customization":{"mcr":true}},"next_step":null,"conditions":"welcome","description":null,"dialog_node":"Welcome","previous_sibling":null}],"workspace_id":"73a74624-91c6-447c-86df-b0a8a3eb6724","counterexamples":[],"learning_opt_out":false}