{"name":"Sports Bot","created":"2017-10-23T21:06:32.478Z","intents":[{"intent":"City-Update","created":"2017-10-23T21:06:32.478Z","updated":"2017-11-14T00:30:52.757Z","examples":[{"text":"How did Chicago do today?","created":"2017-11-14T00:30:52.757Z","updated":"2017-11-14T00:30:52.757Z"},{"text":"How'd Chicago do last night?","created":"2017-11-14T00:30:52.757Z","updated":"2017-11-14T00:30:52.757Z"},{"text":"How did Chicago do last night?","created":"2017-11-14T00:30:52.757Z","updated":"2017-11-14T00:30:52.757Z"}],"description":null},{"intent":"PlayerUpdate","created":"2017-10-23T21:06:32.478Z","updated":"2017-10-23T21:06:32.478Z","examples":[{"text":"John Lester","created":"2017-10-23T21:06:32.478Z","updated":"2017-10-23T21:06:32.478Z"},{"text":"How did Lester pitch?","created":"2017-10-23T21:06:32.478Z","updated":"2017-10-23T21:06:32.478Z"}],"description":null},{"intent":"hello","created":"2017-10-23T21:06:32.478Z","updated":"2017-10-23T21:06:32.478Z","examples":[{"text":"hello","created":"2017-10-23T21:06:32.478Z","updated":"2017-10-23T21:06:32.478Z"},{"text":"hey","created":"2017-10-23T21:06:32.478Z","updated":"2017-10-23T21:06:32.478Z"},{"text":"yo","created":"2017-10-23T21:06:32.478Z","updated":"2017-10-23T21:06:32.478Z"},{"text":"hi","created":"2017-10-23T21:06:32.478Z","updated":"2017-10-23T21:06:32.478Z"}],"description":null},{"intent":"goodbye","created":"2017-10-23T21:06:32.478Z","updated":"2017-10-23T21:06:32.478Z","examples":[{"text":"bye","created":"2017-10-23T21:06:32.478Z","updated":"2017-10-23T21:06:32.478Z"},{"text":"I'm done","created":"2017-10-23T21:06:32.478Z","updated":"2017-10-23T21:06:32.478Z"},{"text":"that's all for now","created":"2017-10-23T21:06:32.478Z","updated":"2017-10-23T21:06:32.478Z"}],"description":null},{"intent":"Game-Update","created":"2017-10-23T21:06:32.478Z","updated":"2017-11-14T00:30:57.418Z","examples":[{"text":"how did the cubs do","created":"2017-11-14T00:30:57.418Z","updated":"2017-11-14T00:30:57.418Z"},{"text":"How'd the @MLBTeams do yesterday?","created":"2017-11-14T00:30:57.418Z","updated":"2017-11-14T00:30:57.418Z"},{"text":"How'd the @MLBTeams do last night?","created":"2017-11-14T00:30:57.418Z","updated":"2017-11-14T00:30:57.418Z"}],"description":null}],"updated":"2017-11-17T19:35:15.520Z","entities":[{"entity":"Chicago","values":[{"type":"synonyms","value":"Chicago-Bears","created":"2017-10-30T22:27:11.746Z","updated":"2017-11-17T19:29:43.668Z","metadata":null,"synonyms":["Bears"]},{"type":"synonyms","value":"Chicago-White Sox","created":"2017-10-30T22:27:11.746Z","updated":"2017-11-17T19:29:47.077Z","metadata":null,"synonyms":["White Sox","Sox"]},{"type":"synonyms","value":"Chicago-Blackhawks","created":"2017-10-30T22:27:11.746Z","updated":"2017-11-17T19:29:55.790Z","metadata":null,"synonyms":["Blackhawks","Hawks"]},{"type":"synonyms","value":"Chicago-Cubs","created":"2017-10-30T22:27:11.746Z","updated":"2017-11-17T19:29:52.350Z","metadata":null,"synonyms":["Cubs"]}],"created":"2017-10-23T21:06:32.478Z","updated":"2017-11-17T19:29:55.790Z","metadata":null,"description":null,"fuzzy_match":true},{"entity":"Philadlephia","values":[{"type":"synonyms","value":"Philadelphia-Phillies","created":"2017-10-30T23:50:58.865Z","updated":"2017-11-17T19:30:26.845Z","metadata":null,"synonyms":["Phillies"]},{"type":"synonyms","value":"Philadelphia-Flyers","created":"2017-10-30T23:50:43.178Z","updated":"2017-11-17T19:30:28.838Z","metadata":null,"synonyms":["Flyers"]},{"type":"synonyms","value":"Philadelphia-Eagles","created":"2017-10-30T23:50:46.513Z","updated":"2017-11-17T19:30:30.874Z","metadata":null,"synonyms":["Eagles"]},{"type":"synonyms","value":"Philadelphia-76ers","created":"2017-10-30T23:50:56.171Z","updated":"2017-11-17T19:30:34.868Z","metadata":null,"synonyms":["76ers"]}],"created":"2017-10-30T23:50:02.227Z","updated":"2017-11-17T19:30:34.868Z","metadata":null,"description":null},{"entity":"San-Francisco","values":[{"type":"synonyms","value":"Golden State-Warriors","created":"2017-11-14T00:31:08.847Z","updated":"2017-11-17T19:31:07.612Z","metadata":null,"synonyms":["Warriors","Golden State"]},{"type":"synonyms","value":"Oakland-Raiders","created":"2017-11-14T00:31:08.847Z","updated":"2017-11-17T19:31:42.917Z","metadata":null,"synonyms":["Raiders"]},{"type":"synonyms","value":"San Francisco-Giants","created":"2017-11-14T00:31:08.847Z","updated":"2017-11-17T19:31:45.037Z","metadata":null,"synonyms":["Giants"]}],"created":"2017-10-23T23:26:58.532Z","updated":"2017-11-17T19:31:45.037Z","metadata":null,"description":null},{"entity":"MLB","values":[{"type":"patterns","value":"San Diego-Padres","created":"2017-10-30T22:26:43.735Z","updated":"2017-11-17T19:32:00.166Z","metadata":null,"patterns":["Padres"]},{"type":"synonyms","value":"Houston-Astros","created":"2017-10-30T22:26:43.735Z","updated":"2017-11-17T19:31:57.556Z","metadata":null,"synonyms":["Astros"]},{"type":"patterns","value":"Oakland-Athletics","created":"2017-10-30T22:26:43.735Z","updated":"2017-11-17T19:32:35.343Z","metadata":null,"patterns":["Athletics"]},{"type":"patterns","value":"Philadelphia-Phillies","created":"2017-10-30T22:26:43.735Z","updated":"2017-11-17T19:31:52.172Z","metadata":null,"patterns":["Phillies"]},{"type":"synonyms","value":"Chicago-Cubs","created":"2017-10-30T22:26:43.735Z","updated":"2017-11-17T19:31:55.014Z","metadata":null,"synonyms":["Cubs"]},{"type":"patterns","value":"San Francisco-Giants","created":"2017-10-30T22:26:43.735Z","updated":"2017-11-17T19:32:04.055Z","metadata":null,"patterns":["Giants"]},{"type":"patterns","value":"Pittsburgh-Pirates","created":"2017-10-30T22:26:43.735Z","updated":"2017-11-17T19:32:07.025Z","metadata":null,"patterns":["Pirates"]},{"type":"patterns","value":"Cleveland-Indians","created":"2017-10-30T22:26:43.735Z","updated":"2017-11-17T19:32:09.581Z","metadata":null,"patterns":["Indians"]},{"type":"patterns","value":"Atlanta-Braves","created":"2017-10-30T22:26:43.735Z","updated":"2017-11-17T19:32:12.085Z","metadata":null,"patterns":["Braves"]},{"type":"patterns","value":"Washington-Nationals","created":"2017-10-30T22:26:43.735Z","updated":"2017-11-17T19:32:18.208Z","metadata":null,"patterns":["Nationals"]},{"type":"patterns","value":"St. Louis-Cardinals","created":"2017-10-30T22:26:43.735Z","updated":"2017-11-17T19:32:20.903Z","metadata":null,"patterns":["Cardinals"]},{"type":"patterns","value":"Kansas City-Royals","created":"2017-10-30T22:26:43.735Z","updated":"2017-11-17T19:32:23.690Z","metadata":null,"patterns":["Royals"]},{"type":"patterns","value":"Minnesota-Twins","created":"2017-10-30T22:26:43.735Z","updated":"2017-11-17T19:32:26.108Z","metadata":null,"patterns":["Twins"]},{"type":"patterns","value":"Seattle-Mariners","created":"2017-10-30T22:26:43.735Z","updated":"2017-11-17T19:32:29.780Z","metadata":null,"patterns":["Mariners"]},{"type":"synonyms","value":"Los Angeles-Dodgers","created":"2017-10-30T22:26:43.735Z","updated":"2017-11-17T19:32:32.567Z","metadata":null,"synonyms":["Dodgers"]},{"type":"patterns","value":"Tampa Bay-Rays","created":"2017-10-30T22:26:43.735Z","updated":"2017-11-17T19:32:37.799Z","metadata":null,"patterns":["Rays"]},{"type":"patterns","value":"New York-Mets","created":"2017-10-30T22:26:43.735Z","updated":"2017-11-17T19:32:40.359Z","metadata":null,"patterns":["Mets"]},{"type":"patterns","value":"Boston-Red Sox","created":"2017-10-30T22:26:43.735Z","updated":"2017-11-17T19:32:44.509Z","metadata":null,"patterns":["Red Sox","Sox"]},{"type":"patterns","value":"Toronto-Blue Jays","created":"2017-10-30T22:26:43.735Z","updated":"2017-11-17T19:32:47.636Z","metadata":null,"patterns":["Blue Jays"]},{"type":"patterns","value":"Baltimore-Orioles","created":"2017-10-30T22:26:43.735Z","updated":"2017-11-17T19:32:51.211Z","metadata":null,"patterns":["Orioles"]},{"type":"patterns","value":"Milwaukee-Brewers","created":"2017-10-30T22:26:43.735Z","updated":"2017-11-17T19:32:54.473Z","metadata":null,"patterns":["Brewers"]},{"type":"patterns","value":"Texas-Rangers","created":"2017-10-30T22:26:43.735Z","updated":"2017-11-17T19:32:56.103Z","metadata":null,"patterns":["Rangers"]},{"type":"patterns","value":"Cincinnati-Reds","created":"2017-10-30T22:26:43.735Z","updated":"2017-11-17T19:33:00.212Z","metadata":null,"patterns":["Reds"]},{"type":"patterns","value":"Arizona-Diamondbacks","created":"2017-10-30T22:26:43.735Z","updated":"2017-11-17T19:33:03.061Z","metadata":null,"patterns":["Diamondbacks"]},{"type":"patterns","value":"Colorado-Rockies","created":"2017-10-30T22:26:43.735Z","updated":"2017-11-17T19:33:06.747Z","metadata":null,"patterns":["Rockies"]},{"type":"patterns","value":"Detroit-Tigers","created":"2017-10-30T22:26:43.735Z","updated":"2017-11-17T19:33:08.820Z","metadata":null,"patterns":["Tigers"]},{"type":"patterns","value":"Miami-Marlins","created":"2017-10-30T22:26:43.735Z","updated":"2017-11-17T19:33:13.531Z","metadata":null,"patterns":["Marlins"]},{"type":"patterns","value":"Los Angeles-Angels","created":"2017-10-30T22:26:43.735Z","updated":"2017-11-17T19:33:16.142Z","metadata":null,"patterns":["Angels"]},{"type":"patterns","value":"Chicago-White Sox","created":"2017-10-30T22:26:43.735Z","updated":"2017-11-17T19:33:20.449Z","metadata":null,"patterns":["White Sox","Sox"]},{"type":"synonyms","value":"New York-Yankees","created":"2017-10-30T22:26:43.735Z","updated":"2017-11-17T19:33:23.881Z","metadata":null,"synonyms":["Yankees"]}],"created":"2017-10-23T21:06:32.478Z","updated":"2017-11-17T19:33:23.881Z","metadata":null,"description":null,"fuzzy_match":true},{"entity":"NBA","values":[{"type":"synonyms","value":"Miami-Heat","created":"2017-10-30T22:27:04.590Z","updated":"2017-11-17T19:25:12.601Z","metadata":null,"synonyms":["Heat"]},{"type":"synonyms","value":"Indiana-Pacers","created":"2017-10-30T22:27:04.590Z","updated":"2017-11-17T19:24:23.154Z","metadata":null,"synonyms":["Pacers"]},{"type":"synonyms","value":"Charlotte-Hornets","created":"2017-10-30T22:27:04.590Z","updated":"2017-11-17T19:24:25.760Z","metadata":null,"synonyms":["Hornets"]},{"type":"synonyms","value":"Los Angeles-Lakers","created":"2017-10-30T22:27:04.590Z","updated":"2017-11-17T19:25:14.564Z","metadata":null,"synonyms":["Lakers"]},{"type":"synonyms","value":"Orlando-Magic","created":"2017-10-30T22:27:04.590Z","updated":"2017-11-17T19:24:29.097Z","metadata":null,"synonyms":["Magic"]},{"type":"synonyms","value":"Los Angeles-Clippers","created":"2017-10-30T22:27:04.590Z","updated":"2017-11-17T19:24:39.586Z","metadata":null,"synonyms":["Clippers"]},{"type":"synonyms","value":"Phoenix-Suns","created":"2017-10-30T22:27:04.590Z","updated":"2017-11-17T19:25:05.112Z","metadata":null,"synonyms":["Suns"]},{"type":"synonyms","value":"Portland-Blazers","created":"2017-10-30T22:27:04.590Z","updated":"2017-11-17T19:25:07.945Z","metadata":null,"synonyms":["Blazers"]},{"type":"synonyms","value":"Golden State-Warriors","created":"2017-10-30T22:27:04.590Z","updated":"2017-11-17T19:30:45.600Z","metadata":null,"synonyms":["Warriors","Golden State"]},{"type":"synonyms","value":"Chicago-Bulls","created":"2017-10-30T22:27:04.590Z","updated":"2017-11-17T19:24:42.485Z","metadata":null,"synonyms":["Bulls"]},{"type":"synonyms","value":"Milwaukee-Bucks","created":"2017-10-30T22:27:04.590Z","updated":"2017-11-17T19:24:41.269Z","metadata":null,"synonyms":["Bucks"]},{"type":"synonyms","value":"Detroit-Pistons","created":"2017-10-30T22:27:04.590Z","updated":"2017-11-17T19:24:20.186Z","metadata":null,"synonyms":["Pistons"]},{"type":"synonyms","value":"Minnesota-Timberwolves","created":"2017-10-30T22:27:04.590Z","updated":"2017-11-17T19:24:54.839Z","metadata":null,"synonyms":["Timberwolves"]},{"type":"synonyms","value":"Atlanta-Hawks","created":"2017-10-30T22:27:04.590Z","updated":"2017-11-17T19:25:03.081Z","metadata":null,"synonyms":["Hawks"]},{"type":"synonyms","value":"New Orleans-Pelicans","created":"2017-10-30T22:27:04.590Z","updated":"2017-11-17T19:25:17.336Z","metadata":null,"synonyms":["Pelicans"]},{"type":"synonyms","value":"Oklahoma City-Thunder","created":"2017-10-30T22:27:04.590Z","updated":"2017-11-17T19:25:32.962Z","metadata":null,"synonyms":["Thunder"]},{"type":"synonyms","value":"Washington-Wizards","created":"2017-10-30T22:27:04.590Z","updated":"2017-11-17T19:25:20.412Z","metadata":null,"synonyms":["Wizards"]},{"type":"synonyms","value":"Denver-Nuggets","created":"2017-10-30T22:27:04.590Z","updated":"2017-11-17T19:25:25.384Z","metadata":null,"synonyms":["Nuggets"]},{"type":"synonyms","value":"Dallas-Mavericks","created":"2017-10-30T22:27:04.590Z","updated":"2017-11-17T19:25:28.013Z","metadata":null,"synonyms":["Mavericks"]},{"type":"synonyms","value":"Memphis-Grizzlies","created":"2017-10-30T22:27:04.590Z","updated":"2017-11-17T19:25:30.465Z","metadata":null,"synonyms":["Grizzlies"]},{"type":"synonyms","value":"San Antonio-Spurs","created":"2017-10-30T22:27:04.590Z","updated":"2017-11-17T19:25:35.918Z","metadata":null,"synonyms":["Spurs"]},{"type":"synonyms","value":"Houston-Rockets","created":"2017-10-30T22:27:04.590Z","updated":"2017-11-17T19:25:37.977Z","metadata":null,"synonyms":["Rockets"]},{"type":"synonyms","value":"New York-Knicks","created":"2017-10-30T22:27:04.590Z","updated":"2017-11-17T19:25:40.049Z","metadata":null,"synonyms":["Knicks"]},{"type":"synonyms","value":"Philadelpha-76ers","created":"2017-10-30T22:27:04.590Z","updated":"2017-11-17T19:25:42.940Z","metadata":null,"synonyms":["76ers"]},{"type":"synonyms","value":"Boston-Celtics","created":"2017-10-30T22:27:04.590Z","updated":"2017-11-17T19:25:45.398Z","metadata":null,"synonyms":["Celtics"]},{"type":"synonyms","value":"Los Angeles-Kings","created":"2017-10-30T22:27:04.590Z","updated":"2017-11-17T19:25:47.946Z","metadata":null,"synonyms":["Kings"]},{"type":"synonyms","value":"Brooklyn-Nets","created":"2017-10-30T22:27:04.590Z","updated":"2017-11-17T19:25:50.153Z","metadata":null,"synonyms":["Nets"]},{"type":"synonyms","value":"Utah-Jazz","created":"2017-10-30T22:27:04.590Z","updated":"2017-11-17T19:25:52.420Z","metadata":null,"synonyms":["Jazz"]},{"type":"synonyms","value":"Toronto-Raptors","created":"2017-10-30T22:27:04.590Z","updated":"2017-11-17T19:25:54.582Z","metadata":null,"synonyms":["Raptors"]},{"type":"synonyms","value":"Cleveland-Cavaliers","created":"2017-10-30T22:27:04.590Z","updated":"2017-11-17T19:24:37.721Z","metadata":null,"synonyms":["Cavaliers"]}],"created":"2017-10-23T21:06:32.478Z","updated":"2017-11-17T19:30:45.600Z","metadata":null,"description":null,"fuzzy_match":true},{"entity":"New-York","values":[{"type":"synonyms","value":"New York-Jets","created":"2017-11-14T00:41:16.466Z","updated":"2017-11-17T19:31:17.692Z","metadata":null,"synonyms":["Jets"]},{"type":"synonyms","value":"New York-Rangers","created":"2017-11-14T00:41:16.466Z","updated":"2017-11-17T19:31:20.196Z","metadata":null,"synonyms":["Rangers"]},{"type":"synonyms","value":"New York-Mets","created":"2017-11-14T00:41:16.466Z","updated":"2017-11-17T19:31:22.540Z","metadata":null,"synonyms":["Mets"]},{"type":"synonyms","value":"New York-Nets","created":"2017-11-14T00:41:16.466Z","updated":"2017-11-17T19:31:25.152Z","metadata":null,"synonyms":["Nets"]},{"type":"synonyms","value":"New York-Yankees","created":"2017-11-14T00:41:16.466Z","updated":"2017-11-17T19:31:27.956Z","metadata":null,"synonyms":["Yankees"]},{"type":"synonyms","value":"New York-Knicks","created":"2017-11-14T00:41:16.466Z","updated":"2017-11-17T19:31:30.594Z","metadata":null,"synonyms":["Knicks"]},{"type":"synonyms","value":"New York-Islanders","created":"2017-11-14T00:41:16.466Z","updated":"2017-11-17T19:31:33.214Z","metadata":null,"synonyms":["Islanders"]}],"created":"2017-10-30T23:48:05.599Z","updated":"2017-11-17T19:31:33.214Z","metadata":null,"description":null},{"entity":"Boston","values":[{"type":"synonyms","value":"Boston-Celtics","created":"2017-10-30T22:27:25.626Z","updated":"2017-11-17T19:33:30.044Z","metadata":null,"synonyms":["Celtics"]},{"type":"synonyms","value":"Boston-Red Sox","created":"2017-10-30T22:27:25.626Z","updated":"2017-11-17T19:33:33.708Z","metadata":null,"synonyms":["Red Sox","Sox"]},{"type":"synonyms","value":"New England-Patriots","created":"2017-10-30T22:27:25.626Z","updated":"2017-11-17T19:33:36.563Z","metadata":null,"synonyms":["Patriots"]},{"type":"synonyms","value":"Boston-Bruins","created":"2017-10-30T22:27:25.626Z","updated":"2017-11-17T19:33:38.564Z","metadata":null,"synonyms":["Bruins"]}],"created":"2017-10-23T23:24:52.229Z","updated":"2017-11-17T19:33:38.564Z","metadata":null,"description":null},{"entity":"Miami","values":[{"type":"synonyms","value":"Miami-Dolphins","created":"2017-10-30T23:55:04.111Z","updated":"2017-11-17T19:29:21.073Z","metadata":null,"synonyms":["Dolphins"]},{"type":"synonyms","value":"Miami-Marlins","created":"2017-10-30T23:55:24.776Z","updated":"2017-11-17T19:29:23.227Z","metadata":null,"synonyms":["Marlins"]},{"type":"synonyms","value":"Miami-Heat","created":"2017-10-30T23:55:15.313Z","updated":"2017-11-17T19:29:25.728Z","metadata":null,"synonyms":["Heat"]}],"created":"2017-10-30T23:55:00.180Z","updated":"2017-11-17T19:29:25.728Z","metadata":null,"description":null},{"entity":"NFL","values":[{"type":"synonyms","value":"Seattle-Seahawks","created":"2017-10-30T22:26:58.016Z","updated":"2017-11-17T19:26:12.802Z","metadata":null,"synonyms":["Seahawks"]},{"type":"synonyms","value":"Cincinnati-Bengals","created":"2017-10-30T22:26:58.016Z","updated":"2017-11-17T19:27:38.696Z","metadata":null,"synonyms":["Bengals"]},{"type":"synonyms","value":"Minnesota-Vikings","created":"2017-10-30T22:26:58.016Z","updated":"2017-11-17T19:26:15.582Z","metadata":null,"synonyms":["Vikings"]},{"type":"synonyms","value":"Oakland-Raiders","created":"2017-10-30T22:26:58.016Z","updated":"2017-11-17T19:26:18.946Z","metadata":null,"synonyms":["Raiders"]},{"type":"synonyms","value":"Dallas-Cowboys","created":"2017-10-30T22:26:58.016Z","updated":"2017-11-17T19:26:21.917Z","metadata":null,"synonyms":["Cowboys"]},{"type":"synonyms","value":"Philadelphia-Eagles","created":"2017-10-30T22:26:58.016Z","updated":"2017-11-17T19:26:27.792Z","metadata":null,"synonyms":["Eagles"]},{"type":"synonyms","value":"Chicago-Bears","created":"2017-10-30T22:26:58.016Z","updated":"2017-11-17T19:26:30.138Z","metadata":null,"synonyms":["Bears"]},{"type":"synonyms","value":"Detroit-Lions","created":"2017-10-30T22:26:58.016Z","updated":"2017-11-17T19:26:32.421Z","metadata":null,"synonyms":["Lions"]},{"type":"synonyms","value":"Atlanta-Falcons","created":"2017-10-30T22:26:58.016Z","updated":"2017-11-17T19:26:36.659Z","metadata":null,"synonyms":["Falcons"]},{"type":"synonyms","value":"San Diego-Chargers","created":"2017-10-30T22:26:58.016Z","updated":"2017-11-17T19:26:34.474Z","metadata":null,"synonyms":["Chargers"]},{"type":"synonyms","value":"New Orleans-Saints","created":"2017-10-30T22:26:58.016Z","updated":"2017-11-17T19:26:38.212Z","metadata":null,"synonyms":["Saints"]},{"type":"synonyms","value":"Green Bay-Packers","created":"2017-10-30T22:26:58.016Z","updated":"2017-11-17T19:26:41.969Z","metadata":null,"synonyms":["Packers"]},{"type":"synonyms","value":"Cleveland-Browns","created":"2017-10-30T22:26:58.016Z","updated":"2017-11-17T19:26:44.027Z","metadata":null,"synonyms":["Browns"]},{"type":"synonyms","value":"Washington-Redskins","created":"2017-10-30T22:26:58.016Z","updated":"2017-11-17T19:26:47.937Z","metadata":null,"synonyms":["Redskins"]},{"type":"synonyms","value":"Carolina-Panthers","created":"2017-10-30T22:26:58.016Z","updated":"2017-11-17T19:26:50.728Z","metadata":null,"synonyms":["Panthers"]},{"type":"synonyms","value":"Los Angeles-Rams","created":"2017-10-30T22:26:58.016Z","updated":"2017-11-17T19:27:11.914Z","metadata":null,"synonyms":["Rams"]},{"type":"synonyms","value":"Houston-Texans","created":"2017-10-30T22:26:58.016Z","updated":"2017-11-17T19:27:14.286Z","metadata":null,"synonyms":["Texans"]},{"type":"synonyms","value":"Indianapolis-Colts","created":"2017-10-30T22:26:58.016Z","updated":"2017-11-17T19:27:20.254Z","metadata":null,"synonyms":["Colts"]},{"type":"synonyms","value":"Kansas City-Chiefs","created":"2017-10-30T22:26:58.016Z","updated":"2017-11-17T19:27:22.197Z","metadata":null,"synonyms":["Chiefs"]},{"type":"synonyms","value":"Baltimore-Ravens","created":"2017-10-30T22:26:58.016Z","updated":"2017-11-17T19:27:24.325Z","metadata":null,"synonyms":["Ravens"]},{"type":"synonyms","value":"Miami-Dolphins","created":"2017-10-30T22:26:58.016Z","updated":"2017-11-17T19:27:26.897Z","metadata":null,"synonyms":["Dolphins"]},{"type":"synonyms","value":"Buffalo-Bills","created":"2017-10-30T22:26:58.016Z","updated":"2017-11-17T19:27:41.503Z","metadata":null,"synonyms":["Bills"]},{"type":"synonyms","value":"New York-Jets","created":"2017-10-30T22:26:58.016Z","updated":"2017-11-17T19:27:28.489Z","metadata":null,"synonyms":["Jets"]},{"type":"synonyms","value":"Tampa Bay-Buccaneers","created":"2017-10-30T22:26:58.016Z","updated":"2017-11-17T19:27:31.212Z","metadata":null,"synonyms":["Buccaneers"]},{"type":"synonyms","value":"St. Louis-Cardinals","created":"2017-10-30T22:26:58.016Z","updated":"2017-11-17T19:27:33.666Z","metadata":null,"synonyms":["Cardinals"]},{"type":"synonyms","value":"Denver-Broncos","created":"2017-10-30T22:26:58.016Z","updated":"2017-11-17T19:27:35.662Z","metadata":null,"synonyms":["Broncos"]},{"type":"synonyms","value":"New York-Giants","created":"2017-10-30T22:26:58.016Z","updated":"2017-11-17T19:27:44.721Z","metadata":null,"synonyms":["Giants"]},{"type":"synonyms","value":"Jacksonville-Jaguars","created":"2017-10-30T22:26:58.016Z","updated":"2017-11-17T19:27:50.123Z","metadata":null,"synonyms":["Jaguars"]},{"type":"synonyms","value":"San Francisco-49ers","created":"2017-10-30T22:26:58.016Z","updated":"2017-11-17T19:27:52.803Z","metadata":null,"synonyms":["49ers"]},{"type":"synonyms","value":"New England-Patriots","created":"2017-10-30T22:26:58.016Z","updated":"2017-11-17T19:27:56.377Z","metadata":null,"synonyms":["Patriots"]},{"type":"synonyms","value":"Tennessee-Titans","created":"2017-10-30T22:26:58.016Z","updated":"2017-11-17T19:27:59.034Z","metadata":null,"synonyms":["Titans"]},{"type":"synonyms","value":"Pittsburgh-Steelers","created":"2017-10-30T22:26:58.016Z","updated":"2017-11-17T19:27:17.672Z","metadata":null,"synonyms":["Steelers"]}],"created":"2017-10-23T21:06:32.478Z","updated":"2017-11-17T19:27:59.034Z","metadata":null,"description":null,"fuzzy_match":true},{"entity":"NHL","values":[{"type":"synonyms","value":"Vancouver-Canucks","created":"2017-10-30T22:26:51.686Z","updated":"2017-11-17T19:33:46.104Z","metadata":null,"synonyms":["Canucks"]},{"type":"synonyms","value":"Anaheim-Ducks","created":"2017-10-30T22:26:51.686Z","updated":"2017-11-17T19:33:48.608Z","metadata":null,"synonyms":["Ducks"]},{"type":"synonyms","value":"Boston-Bruins","created":"2017-10-30T22:26:51.686Z","updated":"2017-11-17T19:33:51.184Z","metadata":null,"synonyms":["Bruins"]},{"type":"synonyms","value":"New Jersey-Devils","created":"2017-10-30T22:26:51.686Z","updated":"2017-11-17T19:33:54.776Z","metadata":null,"synonyms":["Devils"]},{"type":"synonyms","value":"Detroit-Red Wings","created":"2017-10-30T22:26:51.686Z","updated":"2017-11-17T19:33:58.300Z","metadata":null,"synonyms":["Wings"]},{"type":"synonyms","value":"Columbus-Blue Jackets","created":"2017-10-30T22:26:51.686Z","updated":"2017-11-17T19:34:02.338Z","metadata":null,"synonyms":["Blue Jackets"]},{"type":"synonyms","value":"New York-Rangers","created":"2017-10-30T22:26:51.686Z","updated":"2017-11-17T19:34:48.741Z","metadata":null,"synonyms":["Rangers"]},{"type":"synonyms","value":"Minnesota-Wild","created":"2017-10-30T22:26:51.686Z","updated":"2017-11-17T19:34:51.030Z","metadata":null,"synonyms":["Wild"]},{"type":"synonyms","value":"Los Angeles-Kings","created":"2017-10-30T22:26:51.686Z","updated":"2017-11-17T19:35:00.153Z","metadata":null,"synonyms":["Kings"]},{"type":"synonyms","value":"San Jose-Sharks","created":"2017-10-30T22:26:51.686Z","updated":"2017-11-17T19:34:43.161Z","metadata":null,"synonyms":["Sharks"]},{"type":"synonyms","value":"Washington-Capitals","created":"2017-10-30T22:26:51.686Z","updated":"2017-11-17T19:34:55.033Z","metadata":null,"synonyms":["Capitals"]},{"type":"synonyms","value":"Edmonton-Oilers","created":"2017-10-30T22:26:51.686Z","updated":"2017-11-17T19:34:04.703Z","metadata":null,"synonyms":["Oilers"]},{"type":"synonyms","value":"Nashville-Predators","created":"2017-10-30T22:26:51.686Z","updated":"2017-11-17T19:34:10.010Z","metadata":null,"synonyms":["Predators"]},{"type":"synonyms","value":"Colorado-Avalanche","created":"2017-10-30T22:26:51.686Z","updated":"2017-11-17T19:34:29.215Z","metadata":null,"synonyms":["Avalanche"]},{"type":"synonyms","value":"Ottawa-Senators","created":"2017-10-30T22:26:51.686Z","updated":"2017-11-17T19:34:16.282Z","metadata":null,"synonyms":["Senators"]},{"type":"synonyms","value":"Chicago-Blackhawks","created":"2017-10-30T22:26:51.686Z","updated":"2017-11-17T19:34:25.878Z","metadata":null,"synonyms":["Blackhawks","Hawks"]},{"type":"synonyms","value":"Vegas-Golden Knights","created":"2017-10-30T22:26:51.686Z","updated":"2017-11-17T19:34:37.923Z","metadata":null,"synonyms":["Golden Knights"]},{"type":"synonyms","value":"Philadelphia-Flyers","created":"2017-10-30T22:26:51.686Z","updated":"2017-11-17T19:34:07.231Z","metadata":null,"synonyms":["Flyers"]},{"type":"synonyms","value":"Tampa Bay-Lightning","created":"2017-10-30T22:26:51.686Z","updated":"2017-11-17T19:34:21.979Z","metadata":null,"synonyms":["Lightning"]},{"type":"synonyms","value":"Florida-Panthers","created":"2017-10-30T22:26:51.686Z","updated":"2017-11-17T19:34:31.668Z","metadata":null,"synonyms":["Panthers"]},{"type":"synonyms","value":"St. Louis-Blues","created":"2017-10-30T22:26:51.686Z","updated":"2017-11-17T19:34:40.180Z","metadata":null,"synonyms":["Blues"]},{"type":"synonyms","value":"Pittsburgh-Penguins","created":"2017-10-30T22:26:51.686Z","updated":"2017-11-17T19:34:46.465Z","metadata":null,"synonyms":["Penguins"]},{"type":"synonyms","value":"Calgary-Flames","created":"2017-10-30T22:26:51.686Z","updated":"2017-11-17T19:34:53.128Z","metadata":null,"synonyms":["Flames"]},{"type":"synonyms","value":"Arizona-Coyotes","created":"2017-10-30T22:26:51.686Z","updated":"2017-11-17T19:34:58.055Z","metadata":null,"synonyms":["Coyotes"]},{"type":"synonyms","value":"Toronto-Maple Leafs","created":"2017-10-30T22:26:51.686Z","updated":"2017-11-17T19:35:04.088Z","metadata":null,"synonyms":["Maple Leafs"]},{"type":"synonyms","value":"Carolina-Hurricanes","created":"2017-10-30T22:26:51.686Z","updated":"2017-11-17T19:35:06.728Z","metadata":null,"synonyms":["Hurricanes"]},{"type":"synonyms","value":"Dallas-Stars","created":"2017-10-30T22:26:51.686Z","updated":"2017-11-17T19:35:09.929Z","metadata":null,"synonyms":["Stars"]},{"type":"synonyms","value":"Montreal-Canadiens","created":"2017-10-30T22:26:51.686Z","updated":"2017-11-17T19:35:15.520Z","metadata":null,"synonyms":["Canadiens"]}],"created":"2017-10-23T21:54:12.275Z","updated":"2017-11-17T19:35:15.520Z","metadata":null,"description":null},{"entity":"Washington","values":[{"type":"synonyms","value":"Washington-Wizards","created":"2017-11-17T18:18:07.034Z","updated":"2017-11-17T19:30:13.917Z","metadata":null,"synonyms":["Wizards"]},{"type":"synonyms","value":"Washington-Redskins","created":"2017-11-17T18:18:07.034Z","updated":"2017-11-17T19:30:16.577Z","metadata":null,"synonyms":["Redskins"]},{"type":"synonyms","value":"Washington-Capitals","created":"2017-11-17T18:18:07.034Z","updated":"2017-11-17T19:30:18.788Z","metadata":null,"synonyms":["Capitals"]},{"type":"synonyms","value":"Washington-Nationals","created":"2017-11-17T18:18:07.034Z","updated":"2017-11-17T19:30:21.383Z","metadata":null,"synonyms":["Nationals"]}],"created":"2017-10-30T23:51:32.766Z","updated":"2017-11-17T19:30:21.383Z","metadata":null,"description":null}],"language":"en","metadata":{"api_version":{"major_version":"v1","minor_version":"2017-05-26"}},"description":"sports news chat boat","dialog_nodes":[{"title":"Fixed Response","output":{"text":{"values":["Here's what I found:"],"selection_policy":"sequential"}},"parent":"Welcome","context":null,"created":"2017-10-23T23:44:50.641Z","updated":"2017-10-23T23:59:28.657Z","metadata":null,"next_step":null,"conditions":"anything_else","description":null,"dialog_node":"node_1_1508802290604","previous_sibling":"node_2_1508802315718"},{"type":"response_condition","title":null,"output":{"text":{"values":["Hey! I’m Sports Bot. I’m here to keep you up to date with the latest scores and news for your favorite teams."],"selection_policy":"sequential"}},"parent":"Welcome","context":null,"created":"2017-10-23T23:45:15.773Z","updated":"2017-10-23T23:55:43.727Z","metadata":null,"next_step":null,"conditions":"","description":null,"dialog_node":"node_2_1508802315718","previous_sibling":null},{"title":"#goodbye","output":{"text":{"values":["Catch you later! I'll be around if you need me."],"selection_policy":"sequential"}},"parent":null,"context":null,"created":"2017-10-23T21:06:32.478Z","updated":"2017-10-23T21:06:32.478Z","metadata":null,"next_step":null,"conditions":"#goodbye","description":null,"dialog_node":"node_2_1508732511929","previous_sibling":"node_1_1508697644115"},{"title":"#hello","output":{"text":{"values":["Sports Bot here. What's up?"],"selection_policy":"sequential"}},"parent":null,"context":null,"created":"2017-10-23T21:06:32.478Z","updated":"2017-10-23T21:06:32.478Z","metadata":null,"next_step":null,"conditions":"#hello","description":null,"dialog_node":"node_1_1508697644115","previous_sibling":"Welcome"},{"title":"Anything else","output":{"text":{"values":["I didn't understand. You can try rephrasing.","Can you reword your statement? I'm not understanding.","I didn't get your meaning."],"selection_policy":"sequential"}},"parent":null,"context":null,"created":"2017-10-23T21:06:32.478Z","updated":"2017-10-23T21:06:32.478Z","metadata":null,"next_step":null,"conditions":"anything_else","description":null,"dialog_node":"Anything else","previous_sibling":"node_2_1508732511929"},{"title":"Welcome","output":{},"parent":null,"context":null,"created":"2017-10-23T21:06:32.478Z","updated":"2017-10-23T23:45:16.134Z","metadata":{"_customization":{"mcr":true}},"next_step":null,"conditions":"welcome","description":null,"dialog_node":"Welcome","previous_sibling":null}],"workspace_id":"46a1e597-231f-4210-9011-095d0892efd0","counterexamples":[],"learning_opt_out":false}